{
  "Registrations": [
    {
      "Component": {
        "Type": "other",
        "Other": {
          "Name": "jquery",
          "Version": "3.5.1",
          "DownloadUrl": "https://code.jquery.com/jquery-3.5.1.min.js"
        }
      }
    },
    {
      "Component": {
        "Type": "other",
        "Other": {
          "Name": "bootstrap",
          "Version": "4.5.3",
          "DownloadUrl": "https://cdn.jsdelivr.net/npm/bootstrap@4.5.3/dist/js/bootstrap.min.js"
        }
      }
    },
    {
      "Component": {
        "Type": "other",
        "Other": {
          "Name": "bootstrap",
          "Version": "4.5.3",
          "DownloadUrl": "https://cdn.jsdelivr.net/npm/bootstrap@4.5.3/dist/css/bootstrap.min.css"
        }
      }
    }
  ],
  "$schema": "https://json.schemastore.org/component-detection-manifest.json"
}